id,test,metric,model,reference,dataset,margin,primary,synthetic,model_value,reference_value,advantage,ci_low,ci_high,p_value,status,p_holm,passed,decided_on
H2_qwk,noninferiority,qwk,mock_jev_ft,mock_specialist,ddr,0.05,True,True,0.8645145223275094,0.8665829110784536,-0.0020683887509442833,-0.030452476905857135,0.02438202430652894,0.0033222591362126247,ok,0.026578073089700997,False,Holm-adjusted p
H2_ref_sens,noninferiority,ref_sens_matched,mock_jev_ft,mock_specialist,ddr,0.05,True,True,0.8551401869158879,0.9252336448598131,-0.07009345794392519,-0.14556149035956228,0.0050300565770862,0.6578073089700996,ok,1.0,False,Holm-adjusted p
H3_ece,superiority,ece_grade,mock_jev_ft,mock_generative,ddr,,True,True,0.10584354351262512,0.10906628967018217,0.0032227461575570493,-0.03744103338282553,0.05377228804904523,0.3920265780730897,ok,1.0,False,Holm-adjusted p
H3_aurc,superiority,aurc_grade,mock_jev_ft,mock_generative,ddr,,True,True,0.1640431993932247,0.16729188053264057,0.003248681139415871,-0.039776359558692374,0.04685664221407537,0.4186046511627907,ok,1.0,False,Holm-adjusted p
H4_ece,noninferiority,ece_grade,mock_jev_ft,mock_specialist,ddr,0.02,False,True,0.10584354351262512,0.1368434880757811,0.030999944563155968,-0.018797363672779174,0.07980714049133068,0.026578073089700997,ok,,False,unadjusted p
H4_aurc,noninferiority,aurc_grade,mock_jev_ft,mock_specialist,ddr,0.02,False,True,0.1640431993932247,0.1748111355726557,0.010767936179431004,-0.036036723160246975,0.05623288913756305,0.09966777408637874,ok,,False,unadjusted p
H5_vision_lora,superiority,qwk,mock_jev_ft,mock_jev_zs,ddr,,False,True,0.8645145223275094,0.4553933085278986,0.40912121379961075,0.3290631217111658,0.4990997655212035,0.0033222591362126247,ok,,True,unadjusted p
H2_qwk,noninferiority,qwk,mock_jev_ft,mock_specialist,messidor2,0.05,True,True,0.7827892619087382,0.8347296268088347,-0.05194036490009646,-0.09988846751451594,-0.007695299004201515,0.5714285714285714,ok,1.0,False,Holm-adjusted p
H2_ref_sens,noninferiority,ref_sens_matched,mock_jev_ft,mock_specialist,messidor2,0.05,True,True,0.7338709677419355,0.8709677419354839,-0.13709677419354838,-0.256060794044665,0.0,0.8870431893687708,ok,1.0,False,Holm-adjusted p
H3_ece,superiority,ece_grade,mock_jev_ft,mock_generative,messidor2,,True,True,0.1597702883215003,0.10113677422526372,-0.058633514096236586,-0.11089327815826852,0.005345265862627933,0.9568106312292359,ok,1.0,False,Holm-adjusted p
H3_aurc,superiority,aurc_grade,mock_jev_ft,mock_generative,messidor2,,True,True,0.20866156126462926,0.2257805348533051,0.01711897358867584,-0.056357224917514714,0.08574871595154426,0.38205980066445183,ok,1.0,False,Holm-adjusted p
H4_ece,noninferiority,ece_grade,mock_jev_ft,mock_specialist,messidor2,0.02,False,True,0.1597702883215003,0.13737241435417216,-0.022397873967328147,-0.08376812202245415,0.036384916230261445,0.4950166112956811,ok,,False,unadjusted p
H4_aurc,noninferiority,aurc_grade,mock_jev_ft,mock_specialist,messidor2,0.02,False,True,0.20866156126462926,0.19976743221493526,-0.008894129049694,-0.06365204940731248,0.042088985767313083,0.3787375415282392,ok,,False,unadjusted p
H5_vision_lora,superiority,qwk,mock_jev_ft,mock_jev_zs,messidor2,,False,True,0.7827892619087382,0.4837832940750135,0.2990059678337247,0.200268668579249,0.3801634156467355,0.0033222591362126247,ok,,True,unadjusted p
H2_st_sens,noninferiority,st_sens_matched,mock_jev_ft,mock_specialist,pooled_external,0.05,False,True,0.8318385650224216,0.8475336322869955,-0.015695067264573925,-0.08822319897084044,0.05058001461454143,0.15946843853820597,ok,,False,unadjusted p
